country,year,population
Indonesia,1950,7776176
Indonesia,1951,7879339
Indonesia,1952,7987783.5
Indonesia,1953,8096698
Indonesia,1954,8207949.5
Indonesia,1955,8326979.5
Indonesia,1956,8454301.5
Indonesia,1957,8588335
Indonesia,1958,8723401.5
Indonesia,1959,8869269.5
Indonesia,1960,9035043.5
Indonesia,1961,9214083
Indonesia,1962,9404406
Indonesia,1963,9604487
Indonesia,1964,9814318
Indonesia,1965,10036008.5
Indonesia,1966,10266395
Indonesia,1967,10505959
Indonesia,1968,10756921.5
Indonesia,1969,11017409
Indonesia,1970,11290127.5
Indonesia,1971,11567667.5
Indonesia,1972,11853696
Indonesia,1973,12157999.5
Indonesia,1974,12469126.5
Indonesia,1975,12773954
Indonesia,1976,13059851
Indonesia,1977,13340756.5
Indonesia,1978,13611441
Indonesia,1979,13655567
Indonesia,1980,13169311.5
Indonesia,1981,11937581
Indonesia,1982,10991378
Indonesia,1983,10917982
Indonesia,1984,11190221.5
Indonesia,1985,11426852
Indonesia,1986,11420073.5
Indonesia,1987,11387818.5
Indonesia,1988,11523298
Indonesia,1989,11874088
Indonesia,1990,12045660
Indonesia,1991,12238879
Indonesia,1992,13278973.5
Indonesia,1993,14943172
Indonesia,1994,16250794.5
Indonesia,1995,17065835.5
Indonesia,1996,17763266
Indonesia,1997,18452091.5
Indonesia,1998,19159995.5
Indonesia,1999,19887784.5
Indonesia,2000,20130327
Indonesia,2001,20284307
Indonesia,2002,21378117
Indonesia,2003,22733049
Indonesia,2004,23560653.5
Indonesia,2005,24404567
Indonesia,2006,25424094.5
Indonesia,2007,25909852
Indonesia,2008,26482622
Indonesia,2009,27466100.5
Indonesia,2010,28284088.5
Indonesia,2011,29347708
Indonesia,2012,30560034
Indonesia,2013,31622704
Indonesia,2014,32792523
Indonesia,2015,33831763.5
Indonesia,2016,34700612
Indonesia,2017,35688934.5
Indonesia,2018,36743039
Indonesia,2019,37856121
Indonesia,2020,39068979
Indonesia,2021,40000412
Indonesia,2022,40578842
Indonesia,2023,41454761
Indonesia,2024,42647492
Indonesia,2025,43844111.5
Singapore,1950,1013313.5
Singapore,1951,1068035.5
Singapore,1952,1126089.5
Singapore,1953,1187520
Singapore,1954,1252281
Singapore,1955,1320230.5
Singapore,1956,1390955.5
Singapore,1957,1458271
Singapore,1958,1515727
Singapore,1959,1567754
Singapore,1960,1619322.5
Singapore,1961,1670461
Singapore,1962,1721175.5
Singapore,1963,1771512.5
Singapore,1964,1821465.5
Singapore,1965,1870822.5
Singapore,1966,1919089.5
Singapore,1967,1965679
Singapore,1968,2010092
Singapore,1969,2052157.5
Singapore,1970,2091558
Singapore,1971,2128433
Singapore,1972,2164334
Singapore,1973,2200137
Singapore,1974,2235075
Singapore,1975,2268523
Singapore,1976,2300743
Singapore,1977,2331545
Singapore,1978,2360602.5
Singapore,1979,2388157
Singapore,1980,2437493
Singapore,1981,2531802
Singapore,1982,2627417
Singapore,1983,2685981.5
Singapore,1984,2720923
Singapore,1985,2735029.5
Singapore,1986,2744653.5
Singapore,1987,2781615
Singapore,1988,2849045
Singapore,1989,2938655
Singapore,1990,3039591
Singapore,1991,3136291
Singapore,1992,3226464.5
Singapore,1993,3317892
Singapore,1994,3417817
Singapore,1995,3533624.5
Singapore,1996,3664560
Singapore,1997,3796622.5
Singapore,1998,3901417.5
Singapore,1999,3966557
Singapore,2000,4035245
Singapore,2001,4116166
Singapore,2002,4146892.5
Singapore,2003,4138245
Singapore,2004,4172767.5
Singapore,2005,4268363.5
Singapore,2006,4407058
Singapore,2007,4596515
Singapore,2008,4806741
Singapore,2009,4968567.5
Singapore,2010,5077014
Singapore,2011,5182239
Singapore,2012,5293339.5
Singapore,2013,5385588.5
Singapore,2014,5457900
Singapore,2015,5525339.5
Singapore,2016,5577929.5
Singapore,2017,5604078.5
Singapore,2018,5634369.5
Singapore,2019,5669562.5
Singapore,2020,5620150.5
Singapore,2021,5546290
Singapore,2022,5649884.5
Singapore,2023,5789089.5
Singapore,2024,5832387
Singapore,2025,5870750
Thailand,1950,20428402
Thailand,1951,20965182.5
Thailand,1952,21527581.5
Thailand,1953,22109323.5
Thailand,1954,22713337.5
Thailand,1955,23343181
Thailand,1956,23997264.5
Thailand,1957,24674830
Thailand,1958,25367005
Thailand,1959,26088012.5
Thailand,1960,26851747
Thailand,1961,27650333.5
Thailand,1962,28481040
Thailand,1963,29342322
Thailand,1964,30232140.5
Thailand,1965,31149336.5
Thailand,1966,32086071
Thailand,1967,33037801
Thailand,1968,34002560.5
Thailand,1969,34973782
Thailand,1970,35954408
Thailand,1971,36937387
Thailand,1972,37933929.5
Thailand,1973,38947786.5
Thailand,1974,39952891.5
Thailand,1975,40940004.5
Thailand,1976,41896504
Thailand,1977,42843974.5
Thailand,1978,43788975.5
Thailand,1979,44718434
Thailand,1980,45650021.5
Thailand,1981,46575855.5
Thailand,1982,47494577
Thailand,1983,48423309
Thailand,1984,49351708
Thailand,1985,50270752.5
Thailand,1986,51177833.5
Thailand,1987,52074105.5
Thailand,1988,52969595
Thailand,1989,53848956
Thailand,1990,54738329
Thailand,1991,55637434
Thailand,1992,56528834.5
Thailand,1993,57408198.5
Thailand,1994,58260854
Thailand,1995,59098232.5
Thailand,1996,59920064
Thailand,1997,60724584.5
Thailand,1998,61522630.5
Thailand,1999,62299043.5
Thailand,2000,63007815
Thailand,2001,63651141.5
Thailand,2002,64266436.5
Thailand,2003,64868166.5
Thailand,2004,65452047
Thailand,2005,66017419.5
Thailand,2006,66567687
Thailand,2007,67102394.5
Thailand,2008,67619830.5
Thailand,2009,68121080
Thailand,2010,68579447.5
Thailand,2011,69007208
Thailand,2012,69436098
Thailand,2013,69845114.5
Thailand,2014,70216366.5
Thailand,2015,70540795.5
Thailand,2016,70859841.5
Thailand,2017,71160187
Thailand,2018,71376078.5
Thailand,2019,71522271
Thailand,2020,71641483.5
Thailand,2021,71727332
Thailand,2022,71735329
Thailand,2023,71702435
Thailand,2024,71668011
Thailand,2025,71619863
Philippines,1950,18849527.5
Philippines,1951,19568081
Philippines,1952,20328752
Philippines,1953,21132500
Philippines,1954,21982503.5
Philippines,1955,22880573.5
Philippines,1956,23825810
Philippines,1957,24815854.5
Philippines,1958,25842524
Philippines,1959,26907607.5
Philippines,1960,27891897.5
Philippines,1961,28792620.5
Philippines,1962,29723536.5
Philippines,1963,30674731
Philippines,1964,31643031.5
Philippines,1965,32625315.5
Philippines,1966,33617169.5
Philippines,1967,34621320
Philippines,1968,35638342
Philippines,1969,36660799
Philippines,1970,37622204
Philippines,1971,38518659
Philippines,1972,39408560.5
Philippines,1973,40294130
Philippines,1974,41174341
Philippines,1975,42120826
Philippines,1976,43201488
Philippines,1977,44367962
Philippines,1978,45575281.5
Philippines,1979,46807103.5
Philippines,1980,48043740
Philippines,1981,49311727
Philippines,1982,50695707.5
Philippines,1983,52194620.5
Philippines,1984,53726181
Philippines,1985,55213006
Philippines,1986,56645077.5
Philippines,1987,58157496
Philippines,1988,59739051.5
Philippines,1989,61265259.5
Philippines,1990,62854666.5
Philippines,1991,64382248.5
Philippines,1992,65926125.5
Philippines,1993,67530621.5
Philippines,1994,69019291
Philippines,1995,70546245.5
Philippines,1996,72190242.5
Philippines,1997,73908810
Philippines,1998,75791024
Philippines,1999,77753256.5
Philippines,2000,79625397
Philippines,2001,81401488
Philippines,2002,83068888.5
Philippines,2003,84731835
Philippines,2004,86394504.5
Philippines,2005,88015961.5
Philippines,2006,89508986
Philippines,2007,91075184
Philippines,2008,92699094.5
Philippines,2009,94384250
Philippines,2010,96337125
Philippines,2011,98248614.5
Philippines,2012,100175512.5
Philippines,2013,102076336
Philippines,2014,103767130
Philippines,2015,105312991.5
Philippines,2016,106735719
Philippines,2017,108119693.5
Philippines,2018,109465286.5
Philippines,2019,110804683.5
Philippines,2020,112081264
Philippines,2021,113100950
Philippines,2022,113964338.5
Philippines,2023,114891199
Philippines,2024,115843669.5
Philippines,2025,116786962.5
Vietnam,1950,25100738
Vietnam,1951,25600268.5
Vietnam,1952,26143917.5
Vietnam,1953,26757964.5
Vietnam,1954,27427908.5
Vietnam,1955,28166445.5
Vietnam,1956,28922309.5
Vietnam,1957,29754427.5
Vietnam,1958,30658446.5
Vietnam,1959,31585547
Vietnam,1960,32531933
Vietnam,1961,33409059
Vietnam,1962,34288559.5
Vietnam,1963,35249101
Vietnam,1964,36201563.5
Vietnam,1965,37129656.5
Vietnam,1966,38024836
Vietnam,1967,38895080.5
Vietnam,1968,39734609
Vietnam,1969,40582096.5
Vietnam,1970,41475229.5
Vietnam,1971,42449275.5
Vietnam,1972,43429168.5
Vietnam,1973,44409860.5
Vietnam,1974,45413537.5
Vietnam,1975,46482903
Vietnam,1976,47684930.5
Vietnam,1977,48954872.5
Vietnam,1978,50249552.5
Vietnam,1979,51378210.5
Vietnam,1980,52490101.5
Vietnam,1981,53738140.5
Vietnam,1982,55011289
Vietnam,1983,56337921
Vietnam,1984,57706066.5
Vietnam,1985,59060621.5
Vietnam,1986,60347048
Vietnam,1987,61584651
Vietnam,1988,62843227.5
Vietnam,1989,64147347.5
Vietnam,1990,65504552.5
Vietnam,1991,66891775
Vietnam,1992,68260337.5
Vietnam,1993,69586384
Vietnam,1994,70854391
Vietnam,1995,72049940
Vietnam,1996,73156446.5
Vietnam,1997,74226888.5
Vietnam,1998,75299660.5
Vietnam,1999,76287452
Vietnam,2000,77154010.5
Vietnam,2001,77969361
Vietnam,2002,78772224
Vietnam,2003,79563777
Vietnam,2004,80338971.5
Vietnam,2005,81088313
Vietnam,2006,82167896.5
Vietnam,2007,83633375.5
Vietnam,2008,85175787.5
Vietnam,2009,86460017.5
Vietnam,2010,87455151.5
Vietnam,2011,88468314
Vietnam,2012,89510355.5
Vietnam,2013,90573104
Vietnam,2014,91679578
Vietnam,2015,92823254
Vietnam,2016,94000116.5
Vietnam,2017,95176977
Vietnam,2018,96237319.5
Vietnam,2019,97173775.5
Vietnam,2020,98079191
Vietnam,2021,98935098.5
Vietnam,2022,99680655
Vietnam,2023,100352191.5
Vietnam,2024,100987686.5
Vietnam,2025,101598527
Malaysia,1950,6098283.5
Malaysia,1951,6257417
Malaysia,1952,6422846
Malaysia,1953,6593943
Malaysia,1954,6772378
Malaysia,1955,6959963
Malaysia,1956,7156625.5
Malaysia,1957,7362822
Malaysia,1958,7562878.5
Malaysia,1959,7755786
Malaysia,1960,7956197
Malaysia,1961,8164442.5
Malaysia,1962,8380171.5
Malaysia,1963,8602160.5
Malaysia,1964,8828406.5
Malaysia,1965,9056408
Malaysia,1966,9284688
Malaysia,1967,9507099
Malaysia,1968,9725281.5
Malaysia,1969,9947597.5
Malaysia,1970,10178802
Malaysia,1971,10423453.5
Malaysia,1972,10676835.5
Malaysia,1973,10935621
Malaysia,1974,11200906
Malaysia,1975,11471913.5
Malaysia,1976,11750097.5
Malaysia,1977,12035713
Malaysia,1978,12328157.5
Malaysia,1979,12627862.5
Malaysia,1980,12983363
Malaysia,1981,13399203
Malaysia,1982,13832798
Malaysia,1983,14285907.5
Malaysia,1984,14759009
Malaysia,1985,15252258.5
Malaysia,1986,15760419.5
Malaysia,1987,16276736.5
Malaysia,1988,16796604.5
Malaysia,1989,17314997
Malaysia,1990,17833171
Malaysia,1991,18342463.5
Malaysia,1992,18834572.5
Malaysia,1993,19322664.5
Malaysia,1994,19820446
Malaysia,1995,20330598.5
Malaysia,1996,20850087
Malaysia,1997,21375218.5
Malaysia,1998,21906712.5
Malaysia,1999,22435530.5
Malaysia,2000,22967816
Malaysia,2001,23526538.5
Malaysia,2002,24102476.5
Malaysia,2003,24679602
Malaysia,2004,25256772.5
Malaysia,2005,25836071.5
Malaysia,2006,26417909
Malaysia,2007,26998388.5
Malaysia,2008,27570059
Malaysia,2009,28124777.5
Malaysia,2010,28655776.5
Malaysia,2011,29162039
Malaysia,2012,29662831
Malaysia,2013,30174264.5
Malaysia,2014,30696136.5
Malaysia,2015,31232797.5
Malaysia,2016,31789685.5
Malaysia,2017,32355644.5
Malaysia,2018,32910967
Malaysia,2019,33440595.5
Malaysia,2020,33889558.5
Malaysia,2021,34282398.5
Malaysia,2022,34695493
Malaysia,2023,35126298
Malaysia,2024,35557673.5
Malaysia,2025,35977838
Myanmar,1950,17737116.5
Myanmar,1951,18070418
Myanmar,1952,18418009
Myanmar,1953,18779900
Myanmar,1954,19156655
Myanmar,1955,19550482
Myanmar,1956,19959221
Myanmar,1957,20382704
Myanmar,1958,20816418
Myanmar,1959,21264009.5
Myanmar,1960,21730249.5
Myanmar,1961,22210580.5
Myanmar,1962,22704719
Myanmar,1963,23213407.5
Myanmar,1964,23737315
Myanmar,1965,24279431
Myanmar,1966,24836496
Myanmar,1967,25406428.5
Myanmar,1968,25989662.5
Myanmar,1969,26585112.5
Myanmar,1970,27193016
Myanmar,1971,27807219.5
Myanmar,1972,28428324.5
Myanmar,1973,29026387.5
Myanmar,1974,29598167.5
Myanmar,1975,30176565
Myanmar,1976,30758811.5
Myanmar,1977,31355966
Myanmar,1978,31972976
Myanmar,1979,32596549.5
Myanmar,1980,33227204.5
Myanmar,1981,33858783
Myanmar,1982,34482965.5
Myanmar,1983,35162714.5
Myanmar,1984,35899313.5
Myanmar,1985,36622827.5
Myanmar,1986,37314878
Myanmar,1987,37971594.5
Myanmar,1988,38600927
Myanmar,1989,39214618
Myanmar,1990,39817251.5
Myanmar,1991,40394153.5
Myanmar,1992,40950342
Myanmar,1993,41502429
Myanmar,1994,42055142.5
Myanmar,1995,42605337.5
Myanmar,1996,43154860
Myanmar,1997,43708798
Myanmar,1998,44257792.5
Myanmar,1999,44787724
Myanmar,2000,45290841
Myanmar,2001,45771138.5
Myanmar,2002,46232653
Myanmar,2003,46667191.5
Myanmar,2004,47068772.5
Myanmar,2005,47438365
Myanmar,2006,47785135.5
Myanmar,2007,48125043
Myanmar,2008,48390793.5
Myanmar,2009,48660459
Myanmar,2010,49024382
Myanmar,2011,49419820
Myanmar,2012,49837446
Myanmar,2013,50262657.5
Myanmar,2014,50681633.5
Myanmar,2015,51089055.5
Myanmar,2016,51495696
Myanmar,2017,51894938
Myanmar,2018,52272246.5
Myanmar,2019,52640713
Myanmar,2020,53016521.5
Myanmar,2021,53387102
Myanmar,2022,53756787.5
Myanmar,2023,54133797.5
Myanmar,2024,54500091
Myanmar,2025,54850648
Cambodia,1950,4375256.5
Cambodia,1951,4475692
Cambodia,1952,4577961
Cambodia,1953,4680450.5
Cambodia,1954,4783832.5
Cambodia,1955,4890371.5
Cambodia,1956,4999484
Cambodia,1957,5110434
Cambodia,1958,5220834.5
Cambodia,1959,5332930
Cambodia,1960,5449965.5
Cambodia,1961,5571168
Cambodia,1962,5697558
Cambodia,1963,5823010
Cambodia,1964,5946178.5
Cambodia,1965,6072289.5
Cambodia,1966,6201232
Cambodia,1967,6332944.5
Cambodia,1968,6467323.5
Cambodia,1969,6604725.5
Cambodia,1970,6639182.5
Cambodia,1971,6620880
Cambodia,1972,6673885.5
Cambodia,1973,6739726.5
Cambodia,1974,6783240
Cambodia,1975,6581371
Cambodia,1976,6134991
Cambodia,1977,5668550.5
Cambodia,1978,5211652.5
Cambodia,1979,5088808
Cambodia,1980,5199872
Cambodia,1981,5284495.5
Cambodia,1982,5436432
Cambodia,1983,5636203
Cambodia,1984,5845117
Cambodia,1985,6043783.5
Cambodia,1986,6285693
Cambodia,1987,6557970
Cambodia,1988,6812013.5
Cambodia,1989,7073473
Cambodia,1990,7374752
Cambodia,1991,7686849.5
Cambodia,1992,8113083.5
Cambodia,1993,8616381.5
Cambodia,1994,9239161.5
Cambodia,1995,10018497
Cambodia,1996,10801269.5
Cambodia,1997,11570982
Cambodia,1998,12058172.5
Cambodia,1999,12265731
Cambodia,2000,12462336.5
Cambodia,2001,12658484
Cambodia,2002,12855241
Cambodia,2003,13050968
Cambodia,2004,13244731
Cambodia,2005,13439202
Cambodia,2006,13639027.5
Cambodia,2007,13841770
Cambodia,2008,14053479.5
Cambodia,2009,14276810
Cambodia,2010,14500726
Cambodia,2011,14722584
Cambodia,2012,14945085.5
Cambodia,2013,15170207.5
Cambodia,2014,15396771.5
Cambodia,2015,15623250.5
Cambodia,2016,15852803
Cambodia,2017,16073372.5
Cambodia,2018,16274521.5
Cambodia,2019,16481304
Cambodia,2020,16725473.5
Cambodia,2021,16974305.5
Cambodia,2022,17201723.5
Cambodia,2023,17423880.5
Cambodia,2024,17638800.5
Cambodia,2025,17847981.5
Laos,1950,1684550
Laos,1951,1725242.5
Laos,1952,1766179
Laos,1953,1807812
Laos,1954,1850128
Laos,1955,1893213
Laos,1956,1937229
Laos,1957,1982134.5
Laos,1958,2028026.5
Laos,1959,2074484.5
Laos,1960,2121513.5
Laos,1961,2169795.5
Laos,1962,2219909.5
Laos,1963,2271060.5
Laos,1964,2322826
Laos,1965,2376199.5
Laos,1966,2431084.5
Laos,1967,2487715
Laos,1968,2546377
Laos,1969,2606959
Laos,1970,2669702
Laos,1971,2734628
Laos,1972,2801660
Laos,1973,2870572.5
Laos,1974,2939761
Laos,1975,3005521.5
Laos,1976,3064876.5
Laos,1977,3118922.5
Laos,1978,3171740.5
Laos,1979,3228202.5
Laos,1980,3292573.5
Laos,1981,3366630.5
Laos,1982,3450026
Laos,1983,3541001.5
Laos,1984,3637843.5
Laos,1985,3739984.5
Laos,1986,3846714.5
Laos,1987,3957612
Laos,1988,4072601
Laos,1989,4190973.5
Laos,1990,4311955
Laos,1991,4435117.5
Laos,1992,4559646.5
Laos,1993,4685060
Laos,1994,4809220
Laos,1995,4929409
Laos,1996,5045678.5
Laos,1997,5152011.5
Laos,1998,5248266
Laos,1999,5340784.5
Laos,2000,5431212.5
Laos,2001,5521482
Laos,2002,5610888.5
Laos,2003,5697945
Laos,2004,5781625.5
Laos,2005,5869523
Laos,2006,5963200
Laos,2007,6056236.5
Laos,2008,6148969
Laos,2009,6241642
Laos,2010,6334194
Laos,2011,6426590
Laos,2012,6518978
Laos,2013,6611384.5
Laos,2014,6703171.5
Laos,2015,6801645.5
Laos,2016,6908802.5
Laos,2017,7018147
Laos,2018,7128045
Laos,2019,7237635.5
Laos,2020,7346532.5
Laos,2021,7453193.5
Laos,2022,7559007.5
Laos,2023,7664992.5
Laos,2024,7769819
Laos,2025,7873045.5
Brunei,1950,48297.5
Brunei,1951,51190
Brunei,1952,54233
Brunei,1953,57558.5
Brunei,1954,61209
Brunei,1955,65210.5
Brunei,1956,69548
Brunei,1957,74164
Brunei,1958,78972.5
Brunei,1959,83842
Brunei,1960,88346.5
Brunei,1961,92517.5
Brunei,1962,96719
Brunei,1963,101159.5
Brunei,1964,105922
Brunei,1965,110838.5
Brunei,1966,115874.5
Brunei,1967,121017.5
Brunei,1968,126222.5
Brunei,1969,131445.5
Brunei,1970,135138.5
Brunei,1971,137921
Brunei,1972,142189
Brunei,1973,147369.5
Brunei,1974,152656
Brunei,1975,158070
Brunei,1976,163606.5
Brunei,1977,169277
Brunei,1978,174884
Brunei,1979,180422
Brunei,1980,186111
Brunei,1981,191977
Brunei,1982,198164.5
Brunei,1983,204741
Brunei,1984,211660.5
Brunei,1985,218919.5
Brunei,1986,226495
Brunei,1987,233860
Brunei,1988,240913
Brunei,1989,248064
Brunei,1990,255292.5
Brunei,1991,262596.5
Brunei,1992,269839.5
Brunei,1993,276971.5
Brunei,1994,284091.5
Brunei,1995,291195.5
Brunei,1996,298275.5
Brunei,1997,305341.5
Brunei,1998,312385.5
Brunei,1999,319411.5
Brunei,2000,326424
Brunei,2001,333345
Brunei,2002,340099
Brunei,2003,346637
Brunei,2004,352910.5
Brunei,2005,358915.5
Brunei,2006,364662.5
Brunei,2007,370872.5
Brunei,2008,377793
Brunei,2009,384952.5
Brunei,2010,392332
Brunei,2011,399388.5
Brunei,2012,405556.5
Brunei,2013,411202
Brunei,2014,416750.5
Brunei,2015,422211.5
Brunei,2016,427564
Brunei,2017,432772
Brunei,2018,437809.5
Brunei,2019,442680
Brunei,2020,447403.5
Brunei,2021,451720.5
Brunei,2022,455369.5
Brunei,2023,458948.5
Brunei,2024,462721.5
Brunei,2025,466330.5
Timor-Leste,1950,414762
Timor-Leste,1951,418260.5
Timor-Leste,1952,422422
Timor-Leste,1953,426988
Timor-Leste,1954,431907
Timor-Leste,1955,437150
Timor-Leste,1956,442699
Timor-Leste,1957,448561
Timor-Leste,1958,454748
Timor-Leste,1959,461268.5
Timor-Leste,1960,468118.5
Timor-Leste,1961,475291.5
Timor-Leste,1962,482773.5
Timor-Leste,1963,490564
Timor-Leste,1964,498658.5
Timor-Leste,1965,507034.5
Timor-Leste,1966,515696
Timor-Leste,1967,524647.5
Timor-Leste,1968,533875
Timor-Leste,1969,543355.5
Timor-Leste,1970,553069.5
Timor-Leste,1971,562966.5
Timor-Leste,1972,572962.5
Timor-Leste,1973,582854.5
Timor-Leste,1974,590826.5
Timor-Leste,1975,598158
Timor-Leste,1976,607619.5
Timor-Leste,1977,618315
Timor-Leste,1978,628775.5
Timor-Leste,1979,638719
Timor-Leste,1980,649871.5
Timor-Leste,1981,660493
Timor-Leste,1982,669149
Timor-Leste,1983,677706.5
Timor-Leste,1984,686777
Timor-Leste,1985,696665
Timor-Leste,1986,707185
Timor-Leste,1987,718476.5
Timor-Leste,1988,730744.5
Timor-Leste,1989,744856.5
Timor-Leste,1990,760344.5
Timor-Leste,1991,778278
Timor-Leste,1992,799318
Timor-Leste,1993,821436.5
Timor-Leste,1994,844493
Timor-Leste,1995,868146.5
Timor-Leste,1996,892281.5
Timor-Leste,1997,917184.5
Timor-Leste,1998,942530.5
Timor-Leste,1999,834697
Timor-Leste,2000,745088
Timor-Leste,2001,812249
Timor-Leste,2002,879158.5
Timor-Leste,2003,916877.5
Timor-Leste,2004,929074
Timor-Leste,2005,948310.5
Timor-Leste,2006,976597
Timor-Leste,2007,1004889
Timor-Leste,2008,1032429.5
Timor-Leste,2009,1058782
Timor-Leste,2010,1084679.5
Timor-Leste,2011,1110207.5
Timor-Leste,2012,1134885
Timor-Leste,2013,1158695
Timor-Leste,2014,1181903.5
Timor-Leste,2015,1205131.5
Timor-Leste,2016,1228311.5
Timor-Leste,2017,1251703
Timor-Leste,2018,1275959
Timor-Leste,2019,1300944.5
Timor-Leste,2020,1326053.5
Timor-Leste,2021,1350138.5
Timor-Leste,2022,1369295.5
Timor-Leste,2023,1384286
Timor-Leste,2024,1400638
Timor-Leste,2025,1418517.5